{
  "abbeville": "Abbeville",
  "acadia": "Acadia",
  "accomack": "Accomack",
  "ada": "Ada",
  "adair": "Adair",
  "adams": "Adams",
  "addison": "Addison",
  "adjuntas": "Adjuntas",
  "aguada": "Aguada",
  "aguadilla": "Aguadilla",
  "aguas-buenas": "Aguas Buenas",
  "aguascalientes": "Aguascalientes",
  "aibonito": "Aibonito",
  "aiken": "Aiken",
  "aitkin": "Aitkin",
  "alabama": "Alabama",
  "alachua": "Alachua",
  "alamance": "Alamance",
  "alameda": "Alameda",
  "alamosa": "Alamosa",
  "alaska": "Alaska",
  "albany": "Albany",
  "albemarle": "Albemarle",
  "alberta": "Alberta",
  "alcona": "Alcona",
  "alcorn": "Alcorn",
  "aleutians-east": "Aleutians East",
  "aleutians-west": "Aleutians West",
  "alexander": "Alexander",
  "alexandria": "Alexandria",
  "alfalfa": "Alfalfa",
  "alger": "Alger",
  "allamakee": "Allamakee",
  "allegan": "Allegan",
  "allegany": "Allegany",
  "alleghany": "Alleghany",
  "allegheny": "Allegheny",
  "allen": "Allen",
  "allendale": "Allendale",
  "alpena": "Alpena",
  "alpine": "Alpine",
  "amador": "Amador",
  "amelia": "Amelia",
  "amherst": "Amherst",
  "amite": "Amite",
  "anasco": "Añasco",
  "anchorage": "Anchorage",
  "anderson": "Anderson",
  "andrew": "Andrew",
  "andrews": "Andrews",
  "androscoggin": "Androscoggin",
  "angelina": "Angelina",
  "anne-arundel": "Anne Arundel",
  "anoka": "Anoka",
  "anson": "Anson",
  "antelope": "Antelope",
  "antrim": "Antrim",
  "apache": "Apache",
  "appanoose": "Appanoose",
  "appling": "Appling",
  "appomattox": "Appomattox",
  "aransas": "Aransas",
  "arapahoe": "Arapahoe",
  "archer": "Archer",
  "archuleta": "Archuleta",
  "arecibo": "Arecibo",
  "arenac": "Arenac",
  "arizona": "Arizona",
  "arkansas": "Arkansas",
  "arlington": "Arlington",
  "armstrong": "Armstrong",
  "aroostook": "Aroostook",
  "arroyo": "Arroyo",
  "arthur": "Arthur",
  "ascension": "Ascension",
  "ashe": "Ashe",
  "ashland": "Ashland",
  "ashley": "Ashley",
  "ashtabula": "Ashtabula",
  "asotin": "Asotin",
  "assumption": "Assumption",
  "atascosa": "Atascosa",
  "atchison": "Atchison",
  "athens": "Athens",
  "atkinson": "Atkinson",
  "atlantic": "Atlantic",
  "atoka": "Atoka",
  "attala": "Attala",
  "audrain": "Audrain",
  "audubon": "Audubon",
  "auglaize": "Auglaize",
  "augusta": "Augusta",
  "aurora": "Aurora",
  "austin": "Austin",
  "autauga": "Autauga",
  "avery": "Avery",
  "avoyelles": "Avoyelles",
  "baca": "Baca",
  "bacon": "Bacon",
  "bailey": "Bailey",
  "baja-california": "Baja California",
  "baja-california-sur": "Baja California Sur",
  "baker": "Baker",
  "baldwin": "Baldwin",
  "ballard": "Ballard",
  "baltimore": "Baltimore",
  "bamberg": "Bamberg",
  "bandera": "Bandera",
  "banks": "Banks",
  "banner": "Banner",
  "bannock": "Bannock",
  "baraga": "Baraga",
  "barber": "Barber",
  "barbour": "Barbour",
  "barceloneta": "Barceloneta",
  "barnes": "Barnes",
  "barnstable": "Barnstable",
  "barnwell": "Barnwell",
  "barranquitas": "Barranquitas",
  "barren": "Barren",
  "barron": "Barron",
  "barrow": "Barrow",
  "barry": "Barry",
  "bartholomew": "Bartholomew",
  "barton": "Barton",
  "bartow": "Bartow",
  "bastrop": "Bastrop",
  "bates": "Bates",
  "bath": "Bath",
  "baxter": "Baxter",
  "bay": "Bay",
  "bayamon": "Bayamón",
  "bayfield": "Bayfield",
  "baylor": "Baylor",
  "beadle": "Beadle",
  "bear-lake": "Bear Lake",
  "beaufort": "Beaufort",
  "beauregard": "Beauregard",
  "beaver": "Beaver",
  "beaverhead": "Beaverhead",
  "becker": "Becker",
  "beckham": "Beckham",
  "bedford": "Bedford",
  "bee": "Bee",
  "belknap": "Belknap",
  "bell": "Bell",
  "belmont": "Belmont",
  "beltrami": "Beltrami",
  "ben-hill": "Ben Hill",
  "benewah": "Benewah",
  "bennett": "Bennett",
  "bennington": "Bennington",
  "benson": "Benson",
  "bent": "Bent",
  "benton": "Benton",
  "benzie": "Benzie",
  "bergen": "Bergen",
  "berkeley": "Berkeley",
  "berks": "Berks",
  "berkshire": "Berkshire",
  "bernalillo": "Bernalillo",
  "berrien": "Berrien",
  "bertie": "Bertie",
  "bethel": "Bethel",
  "bexar": "Bexar",
  "bibb": "Bibb",
  "bienville": "Bienville",
  "big-horn": "Big Horn",
  "big-stone": "Big Stone",
  "billings": "Billings",
  "bingham": "Bingham",
  "black-hawk": "Black Hawk",
  "blackford": "Blackford",
  "bladen": "Bladen",
  "blaine": "Blaine",
  "blair": "Blair",
  "blanco": "Blanco",
  "bland": "Bland",
  "bleckley": "Bleckley",
  "bledsoe": "Bledsoe",
  "blount": "Blount",
  "blue-earth": "Blue Earth",
  "boise": "Boise",
  "bolivar": "Bolivar",
  "bollinger": "Bollinger",
  "bon-homme": "Bon Homme",
  "bond": "Bond",
  "bonner": "Bonner",
  "bonneville": "Bonneville",
  "boone": "Boone",
  "borden": "Borden",
  "bosque": "Bosque",
  "bossier": "Bossier",
  "botetourt": "Botetourt",
  "bottineau": "Bottineau",
  "boulder": "Boulder",
  "boundary": "Boundary",
  "bourbon": "Bourbon",
  "bowie": "Bowie",
  "bowman": "Bowman",
  "box-butte": "Box Butte",
  "box-elder": "Box Elder",
  "boyd": "Boyd",
  "boyle": "Boyle",
  "bracken": "Bracken",
  "bradford": "Bradford",
  "bradley": "Bradley",
  "branch": "Branch",
  "brantley": "Brantley",
  "braxton": "Braxton",
  "brazoria": "Brazoria",
  "brazos": "Brazos",
  "breathitt": "Breathitt",
  "breckinridge": "Breckinridge",
  "bremer": "Bremer",
  "brevard": "Brevard",
  "brewster": "Brewster",
  "briscoe": "Briscoe",
  "bristol": "Bristol",
  "bristol-bay": "Bristol Bay",
  "british-columbia": "British Columbia",
  "broadwater": "Broadwater",
  "bronx": "Bronx",
  "brooke": "Brooke",
  "brookings": "Brookings",
  "brooks": "Brooks",
  "broome": "Broome",
  "broomfield": "Broomfield",
  "broward": "Broward",
  "brown": "Brown",
  "brule": "Brule",
  "brunswick": "Brunswick",
  "bryan": "Bryan",
  "buchanan": "Buchanan",
  "buckingham": "Buckingham",
  "bucks": "Bucks",
  "buena-vista": "Buena Vista",
  "buffalo": "Buffalo",
  "bullitt": "Bullitt",
  "bulloch": "Bulloch",
  "bullock": "Bullock",
  "buncombe": "Buncombe",
  "bureau": "Bureau",
  "burke": "Burke",
  "burleigh": "Burleigh",
  "burleson": "Burleson",
  "burlington": "Burlington",
  "burnet": "Burnet",
  "burnett": "Burnett",
  "burt": "Burt",
  "butler": "Butler",
  "butte": "Butte",
  "butts": "Butts",
  "cabarrus": "Cabarrus",
  "cabell": "Cabell",
  "cabo-rojo": "Cabo Rojo",
  "cache": "Cache",
  "caddo": "Caddo",
  "caguas": "Caguas",
  "calaveras": "Calaveras",
  "calcasieu": "Calcasieu",
  "caldwell": "Caldwell",
  "caledonia": "Caledonia",
  "calhoun": "Calhoun",
  "california": "California",
  "callahan": "Callahan",
  "callaway": "Callaway",
  "calloway": "Calloway",
  "calumet": "Calumet",
  "calvert": "Calvert",
  "camas": "Camas",
  "cambria": "Cambria",
  "camden": "Camden",
  "cameron": "Cameron",
  "camp": "Camp",
  "campbell": "Campbell",
  "campeche": "Campeche",
  "camuy": "Camuy",
  "canadian": "Canadian",
  "candler": "Candler",
  "cannon": "Cannon",
  "canovanas": "Canóvanas",
  "canyon": "Canyon",
  "cape-girardeau": "Cape Girardeau",
  "cape-may": "Cape May",
  "carbon": "Carbon",
  "caribou": "Caribou",
  "carlisle": "Carlisle",
  "carlton": "Carlton",
  "carolina": "Carolina",
  "caroline": "Caroline",
  "carroll": "Carroll",
  "carson": "Carson",
  "carson-city": "Carson City",
  "carter": "Carter",
  "carteret": "Carteret",
  "carver": "Carver",
  "cascade": "Cascade",
  "casey": "Casey",
  "cass": "Cass",
  "cassia": "Cassia",
  "castro": "Castro",
  "caswell": "Caswell",
  "catahoula": "Catahoula",
  "catano": "Cataño",
  "catawba": "Catawba",
  "catoosa": "Catoosa",
  "catron": "Catron",
  "cattaraugus": "Cattaraugus",
  "cavalier": "Cavalier",
  "cayey": "Cayey",
  "cayuga": "Cayuga",
  "cecil": "Cecil",
  "cedar": "Cedar",
  "ceiba": "Ceiba",
  "centre": "Centre",
  "cerro-gordo": "Cerro Gordo",
  "chaffee": "Chaffee",
  "chambers": "Chambers",
  "champaign": "Champaign",
  "chariton": "Chariton",
  "charles": "Charles",
  "charles-city": "Charles City",
  "charles-mix": "Charles Mix",
  "charleston": "Charleston",
  "charlevoix": "Charlevoix",
  "charlotte": "Charlotte",
  "charlottesville": "Charlottesville",
  "charlton": "Charlton",
  "chase": "Chase",
  "chatham": "Chatham",
  "chattahoochee": "Chattahoochee",
  "chattooga": "Chattooga",
  "chautauqua": "Chautauqua",
  "chaves": "Chaves",
  "cheatham": "Cheatham",
  "cheboygan": "Cheboygan",
  "chelan": "Chelan",
  "chemung": "Chemung",
  "chenango": "Chenango",
  "cherokee": "Cherokee",
  "cherry": "Cherry",
  "chesapeake": "Chesapeake",
  "cheshire": "Cheshire",
  "chester": "Chester",
  "chesterfield": "Chesterfield",
  "cheyenne": "Cheyenne",
  "chiapas": "Chiapas",
  "chickasaw": "Chickasaw",
  "chicot": "Chicot",
  "chihuahua": "Chihuahua",
  "childress": "Childress",
  "chilton": "Chilton",
  "chippewa": "Chippewa",
  "chisago": "Chisago",
  "chittenden": "Chittenden",
  "choctaw": "Choctaw",
  "chouteau": "Chouteau",
  "chowan": "Chowan",
  "christian": "Christian",
  "churchill": "Churchill",
  "ciales": "Ciales",
  "cibola": "Cibola",
  "cidra": "Cidra",
  "cimarron": "Cimarron",
  "citrus": "Citrus",
  "clackamas": "Clackamas",
  "claiborne": "Claiborne",
  "clallam": "Clallam",
  "clare": "Clare",
  "clarendon": "Clarendon",
  "clarion": "Clarion",
  "clark": "Clark",
  "clarke": "Clarke",
  "clatsop": "Clatsop",
  "clay": "Clay",
  "clayton": "Clayton",
  "clear-creek": "Clear Creek",
  "clearfield": "Clearfield",
  "clearwater": "Clearwater",
  "cleburne": "Cleburne",
  "clermont": "Clermont",
  "cleveland": "Cleveland",
  "clinch": "Clinch",
  "clinton": "Clinton",
  "cloud": "Cloud",
  "coahoma": "Coahoma",
  "coahuila": "Coahuila",
  "coal": "Coal",
  "coamo": "Coamo",
  "cobb": "Cobb",
  "cochise": "Cochise",
  "cochran": "Cochran",
  "cocke": "Cocke",
  "coconino": "Coconino",
  "codington": "Codington",
  "coffee": "Coffee",
  "coffey": "Coffey",
  "coke": "Coke",
  "colbert": "Colbert",
  "cole": "Cole",
  "coleman": "Coleman",
  "coles": "Coles",
  "colfax": "Colfax",
  "colima": "Colima",
  "colleton": "Colleton",
  "collier": "Collier",
  "collin": "Collin",
  "collingsworth": "Collingsworth",
  "colonial-heights": "Colonial Heights",
  "colorado": "Colorado",
  "colquitt": "Colquitt",
  "columbia": "Columbia",
  "columbiana": "Columbiana",
  "columbus": "Columbus",
  "colusa": "Colusa",
  "comal": "Comal",
  "comanche": "Comanche",
  "comerio": "Comerío",
  "concho": "Concho",
  "concordia": "Concordia",
  "conecuh": "Conecuh",
  "conejos": "Conejos",
  "connecticut": "Connecticut",
  "contra-costa": "Contra Costa",
  "converse": "Converse",
  "conway": "Conway",
  "cook": "Cook",
  "cooke": "Cooke",
  "cooper": "Cooper",
  "coos": "Coos",
  "coosa": "Coosa",
  "copiah": "Copiah",
  "corozal": "Corozal",
  "corson": "Corson",
  "cortland": "Cortland",
  "coryell": "Coryell",
  "coshocton": "Coshocton",
  "costilla": "Costilla",
  "cottle": "Cottle",
  "cotton": "Cotton",
  "cottonwood": "Cottonwood",
  "county": "county",
  "covington": "Covington",
  "coweta": "Coweta",
  "cowley": "Cowley",
  "cowlitz": "Cowlitz",
  "craig": "Craig",
  "craighead": "Craighead",
  "crane": "Crane",
  "craven": "Craven",
  "crawford": "Crawford",
  "creek": "Creek",
  "crenshaw": "Crenshaw",
  "crisp": "Crisp",
  "crittenden": "Crittenden",
  "crockett": "Crockett",
  "crook": "Crook",
  "crosby": "Crosby",
  "cross": "Cross",
  "crow-wing": "Crow Wing",
  "crowley": "Crowley",
  "culberson": "Culberson",
  "culebra": "Culebra",
  "cullman": "Cullman",
  "culpeper": "Culpeper",
  "cumberland": "Cumberland",
  "cuming": "Cuming",
  "currituck": "Currituck",
  "curry": "Curry",
  "custer": "Custer",
  "cuyahoga": "Cuyahoga",
  "dade": "Dade",
  "daggett": "Daggett",
  "dakota": "Dakota",
  "dale": "Dale",
  "dallam": "Dallam",
  "dallas": "Dallas",
  "dane": "Dane",
  "daniels": "Daniels",
  "danville": "Danville",
  "dare": "Dare",
  "darke": "Darke",
  "darlington": "Darlington",
  "dauphin": "Dauphin",
  "davidson": "Davidson",
  "davie": "Davie",
  "daviess": "Daviess",
  "davis": "Davis",
  "davison": "Davison",
  "dawes": "Dawes",
  "dawson": "Dawson",
  "day": "Day",
  "de-baca": "De Baca",
  "de-soto": "De Soto",
  "de-witt": "De Witt",
  "deaf-smith": "Deaf Smith",
  "dearborn": "Dearborn",
  "decatur": "Decatur",
  "deer-lodge": "Deer Lodge",
  "defiance": "Defiance",
  "dekalb": "DeKalb",
  "del-norte": "Del Norte",
  "delaware": "Delaware",
  "delta": "Delta",
  "denali": "Denali",
  "dent": "Dent",
  "denton": "Denton",
  "denver": "Denver",
  "des-moines": "Des Moines",
  "deschutes": "Deschutes",
  "desha": "Desha",
  "desoto": "DeSoto",
  "deuel": "Deuel",
  "dewey": "Dewey",
  "dewitt": "DeWitt",
  "dickens": "Dickens",
  "dickenson": "Dickenson",
  "dickey": "Dickey",
  "dickinson": "Dickinson",
  "dickson": "Dickson",
  "dillingham": "Dillingham",
  "dillon": "Dillon",
  "dimmit": "Dimmit",
  "dinwiddie": "Dinwiddie",
  "district": "district",
  "district-of-columbia": "District of Columbia",
  "distrito-federal": "Distrito Federal",
  "divide": "Divide",
  "dixie": "Dixie",
  "dixon": "Dixon",
  "doddridge": "Doddridge",
  "dodge": "Dodge",
  "dolores": "Dolores",
  "dona-ana": "Doña Ana",
  "doniphan": "Doniphan",
  "donley": "Donley",
  "dooly": "Dooly",
  "door": "Door",
  "dorado": "Dorado",
  "dorchester": "Dorchester",
  "dougherty": "Dougherty",
  "douglas": "Douglas",
  "drew": "Drew",
  "dubois": "Dubois",
  "dubuque": "Dubuque",
  "duchesne": "Duchesne",
  "dukes": "Dukes",
  "dundy": "Dundy",
  "dunklin": "Dunklin",
  "dunn": "Dunn",
  "dupage": "DuPage",
  "duplin": "Duplin",
  "durango": "Durango",
  "durham": "Durham",
  "dutchess": "Dutchess",
  "duval": "Duval",
  "dyer": "Dyer",
  "eagle": "Eagle",
  "early": "Early",
  "east-baton-rouge": "East Baton Rouge",
  "east-carroll": "East Carroll",
  "east-feliciana": "East Feliciana",
  "eastland": "Eastland",
  "eaton": "Eaton",
  "eau-claire": "Eau Claire",
  "echols": "Echols",
  "ector": "Ector",
  "eddy": "Eddy",
  "edgar": "Edgar",
  "edgecombe": "Edgecombe",
  "edgefield": "Edgefield",
  "edmonson": "Edmonson",
  "edmunds": "Edmunds",
  "edwards": "Edwards",
  "effingham": "Effingham",
  "el-dorado": "El Dorado",
  "el-paso": "El Paso",
  "elbert": "Elbert",
  "elk": "Elk",
  "elkhart": "Elkhart",
  "elko": "Elko",
  "elliott": "Elliott",
  "ellis": "Ellis",
  "ellsworth": "Ellsworth",
  "elmore": "Elmore",
  "emanuel": "Emanuel",
  "emery": "Emery",
  "emmet": "Emmet",
  "emmons": "Emmons",
  "emporia": "Emporia",
  "erath": "Erath",
  "erie": "Erie",
  "escambia": "Escambia",
  "esmeralda": "Esmeralda",
  "essex": "Essex",
  "estill": "Estill",
  "etowah": "Etowah",
  "eureka": "Eureka",
  "evangeline": "Evangeline",
  "evans": "Evans",
  "fairbanks-north-star": "Fairbanks North Star",
  "fairfax": "Fairfax",
  "fairfield": "Fairfield",
  "fajardo": "Fajardo",
  "fall-river": "Fall River",
  "fallon": "Fallon",
  "falls": "Falls",
  "falls-church": "Falls Church",
  "fannin": "Fannin",
  "faribault": "Faribault",
  "faulk": "Faulk",
  "faulkner": "Faulkner",
  "fauquier": "Fauquier",
  "fayette": "Fayette",
  "fentress": "Fentress",
  "fergus": "Fergus",
  "ferry": "Ferry",
  "fillmore": "Fillmore",
  "finney": "Finney",
  "fisher": "Fisher",
  "flagler": "Flagler",
  "flathead": "Flathead",
  "fleming": "Fleming",
  "florence": "Florence",
  "florida": "Florida",
  "floyd": "Floyd",
  "fluvanna": "Fluvanna",
  "foard": "Foard",
  "fond-du-lac": "Fond du Lac",
  "ford": "Ford",
  "forest": "Forest",
  "forrest": "Forrest",
  "forsyth": "Forsyth",
  "fort-bend": "Fort Bend",
  "foster": "Foster",
  "fountain": "Fountain",
  "franklin": "Franklin",
  "frederick": "Frederick",
  "fredericksburg": "Fredericksburg",
  "freeborn": "Freeborn",
  "freestone": "Freestone",
  "fremont": "Fremont",
  "fresno": "Fresno",
  "frio": "Frio",
  "frontier": "Frontier",
  "fulton": "Fulton",
  "furnas": "Furnas",
  "gadsden": "Gadsden",
  "gage": "Gage",
  "gaines": "Gaines",
  "galax": "Galax",
  "gallatin": "Gallatin",
  "gallia": "Gallia",
  "galveston": "Galveston",
  "garden": "Garden",
  "garfield": "Garfield",
  "garland": "Garland",
  "garrard": "Garrard",
  "garrett": "Garrett",
  "garvin": "Garvin",
  "garza": "Garza",
  "gasconade": "Gasconade",
  "gaston": "Gaston",
  "gates": "Gates",
  "geary": "Geary",
  "geauga": "Geauga",
  "gem": "Gem",
  "genesee": "Genesee",
  "geneva": "Geneva",
  "gentry": "Gentry",
  "george": "George",
  "georgetown": "Georgetown",
  "georgia": "Georgia",
  "gibson": "Gibson",
  "gila": "Gila",
  "gilchrist": "Gilchrist",
  "giles": "Giles",
  "gillespie": "Gillespie",
  "gilliam": "Gilliam",
  "gilmer": "Gilmer",
  "gilpin": "Gilpin",
  "glacier": "Glacier",
  "glades": "Glades",
  "gladwin": "Gladwin",
  "glascock": "Glascock",
  "glasscock": "Glasscock",
  "glenn": "Glenn",
  "gloucester": "Gloucester",
  "glynn": "Glynn",
  "gogebic": "Gogebic",
  "golden-valley": "Golden Valley",
  "goliad": "Goliad",
  "gonzales": "Gonzales",
  "goochland": "Goochland",
  "goodhue": "Goodhue",
  "gooding": "Gooding",
  "gordon": "Gordon",
  "goshen": "Goshen",
  "gosper": "Gosper",
  "gove": "Gove",
  "grady": "Grady",
  "grafton": "Grafton",
  "graham": "Graham",
  "grainger": "Grainger",
  "grand": "Grand",
  "grand-forks": "Grand Forks",
  "grand-isle": "Grand Isle",
  "grand-traverse": "Grand Traverse",
  "granite": "Granite",
  "grant": "Grant",
  "granville": "Granville",
  "gratiot": "Gratiot",
  "graves": "Graves",
  "gray": "Gray",
  "grays-harbor": "Grays Harbor",
  "grayson": "Grayson",
  "greeley": "Greeley",
  "green": "Green",
  "green-lake": "Green Lake",
  "greenbrier": "Greenbrier",
  "greene": "Greene",
  "greenlee": "Greenlee",
  "greensville": "Greensville",
  "greenup": "Greenup",
  "greenville": "Greenville",
  "greenwood": "Greenwood",
  "greer": "Greer",
  "gregg": "Gregg",
  "gregory": "Gregory",
  "grenada": "Grenada",
  "griggs": "Griggs",
  "grimes": "Grimes",
  "grundy": "Grundy",
  "guadalupe": "Guadalupe",
  "guanajuato": "Guanajuato",
  "guanica": "Guánica",
  "guayama": "Guayama",
  "guayanilla": "Guayanilla",
  "guaynabo": "Guaynabo",
  "guernsey": "Guernsey",
  "guerrero": "Guerrero",
  "guilford": "Guilford",
  "gulf": "Gulf",
  "gunnison": "Gunnison",
  "gurabo": "Gurabo",
  "guthrie": "Guthrie",
  "gwinnett": "Gwinnett",
  "haakon": "Haakon",
  "habersham": "Habersham",
  "haines": "Haines",
  "hale": "Hale",
  "halifax": "Halifax",
  "hall": "Hall",
  "hamblen": "Hamblen",
  "hamilton": "Hamilton",
  "hamlin": "Hamlin",
  "hampden": "Hampden",
  "hampshire": "Hampshire",
  "hampton": "Hampton",
  "hancock": "Hancock",
  "hand": "Hand",
  "hanover": "Hanover",
  "hansford": "Hansford",
  "hanson": "Hanson",
  "haralson": "Haralson",
  "hardee": "Hardee",
  "hardeman": "Hardeman",
  "hardin": "Hardin",
  "harding": "Harding",
  "hardy": "Hardy",
  "harford": "Harford",
  "harlan": "Harlan",
  "harmon": "Harmon",
  "harnett": "Harnett",
  "harney": "Harney",
  "harper": "Harper",
  "harris": "Harris",
  "harrison": "Harrison",
  "harrisonburg": "Harrisonburg",
  "hart": "Hart",
  "hartford": "Hartford",
  "hartley": "Hartley",
  "harvey": "Harvey",
  "haskell": "Haskell",
  "hatillo": "Hatillo",
  "hawaii": "Hawaii",
  "hawkins": "Hawkins",
  "hayes": "Hayes",
  "hays": "Hays",
  "haywood": "Haywood",
  "heard": "Heard",
  "hemphill": "Hemphill",
  "hempstead": "Hempstead",
  "henderson": "Henderson",
  "hendricks": "Hendricks",
  "hendry": "Hendry",
  "hennepin": "Hennepin",
  "henrico": "Henrico",
  "henry": "Henry",
  "herkimer": "Herkimer",
  "hernando": "Hernando",
  "hertford": "Hertford",
  "hettinger": "Hettinger",
  "hickman": "Hickman",
  "hickory": "Hickory",
  "hidalgo": "Hidalgo",
  "highland": "Highland",
  "highlands": "Highlands",
  "hill": "Hill",
  "hillsborough": "Hillsborough",
  "hillsdale": "Hillsdale",
  "hinds": "Hinds",
  "hinsdale": "Hinsdale",
  "hitchcock": "Hitchcock",
  "hocking": "Hocking",
  "hockley": "Hockley",
  "hodgeman": "Hodgeman",
  "hoke": "Hoke",
  "holmes": "Holmes",
  "holt": "Holt",
  "honolulu": "Honolulu",
  "hood": "Hood",
  "hood-river": "Hood River",
  "hooker": "Hooker",
  "hoonah-angoon": "Hoonah-Angoon",
  "hopewell": "Hopewell",
  "hopkins": "Hopkins",
  "hormigueros": "Hormigueros",
  "horry": "Horry",
  "hot-spring": "Hot Spring",
  "hot-springs": "Hot Springs",
  "houghton": "Houghton",
  "houston": "Houston",
  "howard": "Howard",
  "howell": "Howell",
  "hubbard": "Hubbard",
  "hudson": "Hudson",
  "hudspeth": "Hudspeth",
  "huerfano": "Huerfano",
  "hughes": "Hughes",
  "humacao": "Humacao",
  "humboldt": "Humboldt",
  "humphreys": "Humphreys",
  "hunt": "Hunt",
  "hunterdon": "Hunterdon",
  "huntingdon": "Huntingdon",
  "huntington": "Huntington",
  "huron": "Huron",
  "hutchinson": "Hutchinson",
  "hyde": "Hyde",
  "iberia": "Iberia",
  "iberville": "Iberville",
  "ida": "Ida",
  "idaho": "Idaho",
  "illinois": "Illinois",
  "imperial": "Imperial",
  "independence": "Independence",
  "indian-river": "Indian River",
  "indiana": "Indiana",
  "ingham": "Ingham",
  "inyo": "Inyo",
  "ionia": "Ionia",
  "iosco": "Iosco",
  "iowa": "Iowa",
  "iredell": "Iredell",
  "irion": "Irion",
  "iron": "Iron",
  "iroquois": "Iroquois",
  "irwin": "Irwin",
  "isabela": "Isabela",
  "isabella": "Isabella",
  "isanti": "Isanti",
  "island": "Island",
  "isle-of-wight": "Isle of Wight",
  "issaquena": "Issaquena",
  "itasca": "Itasca",
  "itawamba": "Itawamba",
  "izard": "Izard",
  "jack": "Jack",
  "jackson": "Jackson",
  "jalisco": "Jalisco",
  "james-city": "James City",
  "jasper": "Jasper",
  "jay": "Jay",
  "jayuya": "Jayuya",
  "jeff-davis": "Jeff Davis",
  "jefferson": "Jefferson",
  "jefferson-davis": "Jefferson Davis",
  "jenkins": "Jenkins",
  "jennings": "Jennings",
  "jerauld": "Jerauld",
  "jerome": "Jerome",
  "jersey": "Jersey",
  "jessamine": "Jessamine",
  "jewell": "Jewell",
  "jim-hogg": "Jim Hogg",
  "jim-wells": "Jim Wells",
  "jo-daviess": "Jo Daviess",
  "johnson": "Johnson",
  "johnston": "Johnston",
  "jones": "Jones",
  "josephine": "Josephine",
  "juab": "Juab",
  "juana-diaz": "Juana Díaz",
  "judith-basin": "Judith Basin",
  "juncos": "Juncos",
  "juneau": "Juneau",
  "juniata": "Juniata",
  "kalamazoo": "Kalamazoo",
  "kalawao": "Kalawao",
  "kalkaska": "Kalkaska",
  "kanabec": "Kanabec",
  "kanawha": "Kanawha",
  "kandiyohi": "Kandiyohi",
  "kane": "Kane",
  "kankakee": "Kankakee",
  "kansas": "Kansas",
  "karnes": "Karnes",
  "kauai": "Kauai",
  "kaufman": "Kaufman",
  "kay": "Kay",
  "kearney": "Kearney",
  "kearny": "Kearny",
  "keith": "Keith",
  "kemper": "Kemper",
  "kenai-peninsula": "Kenai Peninsula",
  "kendall": "Kendall",
  "kenedy": "Kenedy",
  "kennebec": "Kennebec",
  "kenosha": "Kenosha",
  "kent": "Kent",
  "kenton": "Kenton",
  "kentucky": "Kentucky",
  "keokuk": "Keokuk",
  "kern": "Kern",
  "kerr": "Kerr",
  "kershaw": "Kershaw",
  "ketchikan-gateway": "Ketchikan Gateway",
  "kewaunee": "Kewaunee",
  "keweenaw": "Keweenaw",
  "keya-paha": "Keya Paha",
  "kidder": "Kidder",
  "kimball": "Kimball",
  "kimble": "Kimble",
  "king": "King",
  "king-and-queen": "King and Queen",
  "king-george": "King George",
  "king-william": "King William",
  "kingfisher": "Kingfisher",
  "kingman": "Kingman",
  "kings": "Kings",
  "kingsbury": "Kingsbury",
  "kinney": "Kinney",
  "kiowa": "Kiowa",
  "kit-carson": "Kit Carson",
  "kitsap": "Kitsap",
  "kittitas": "Kittitas",
  "kittson": "Kittson",
  "klamath": "Klamath",
  "kleberg": "Kleberg",
  "klickitat": "Klickitat",
  "knott": "Knott",
  "knox": "Knox",
  "kodiak-island": "Kodiak Island",
  "koochiching": "Koochiching",
  "kootenai": "Kootenai",
  "kosciusko": "Kosciusko",
  "kossuth": "Kossuth",
  "la-crosse": "La Crosse",
  "la-paz": "La Paz",
  "la-plata": "La Plata",
  "la-salle": "La Salle",
  "labette": "Labette",
  "lac-qui-parle": "Lac qui Parle",
  "lackawanna": "Lackawanna",
  "laclede": "Laclede",
  "lafayette": "Lafayette",
  "lafourche": "Lafourche",
  "lagrange": "LaGrange",
  "lajas": "Lajas",
  "lake": "Lake",
  "lake-and-peninsula": "Lake and Peninsula",
  "lake-of-the-woods": "Lake of the Woods",
  "lamar": "Lamar",
  "lamb": "Lamb",
  "lamoille": "Lamoille",
  "lamoure": "LaMoure",
  "lampasas": "Lampasas",
  "lancaster": "Lancaster",
  "lander": "Lander",
  "lane": "Lane",
  "langlade": "Langlade",
  "lanier": "Lanier",
  "lapeer": "Lapeer",
  "laporte": "LaPorte",
  "laramie": "Laramie",
  "lares": "Lares",
  "larimer": "Larimer",
  "larue": "Larue",
  "las-animas": "Las Animas",
  "las-marias": "Las Marías",
  "las-piedras": "Las Piedras",
  "lasalle": "LaSalle",
  "lassen": "Lassen",
  "latah": "Latah",
  "latimer": "Latimer",
  "lauderdale": "Lauderdale",
  "laurel": "Laurel",
  "laurens": "Laurens",
  "lavaca": "Lavaca",
  "lawrence": "Lawrence",
  "le-flore": "Le Flore",
  "le-sueur": "Le Sueur",
  "lea": "Lea",
  "leake": "Leake",
  "leavenworth": "Leavenworth",
  "lebanon": "Lebanon",
  "lee": "Lee",
  "leelanau": "Leelanau",
  "leflore": "Leflore",
  "lehigh": "Lehigh",
  "lemhi": "Lemhi",
  "lenawee": "Lenawee",
  "lenoir": "Lenoir",
  "leon": "Leon",
  "leslie": "Leslie",
  "letcher": "Letcher",
  "levy": "Levy",
  "lewis": "Lewis",
  "lewis-and-clark": "Lewis and Clark",
  "lexington": "Lexington",
  "liberty": "Liberty",
  "licking": "Licking",
  "limestone": "Limestone",
  "lincoln": "Lincoln",
  "linn": "Linn",
  "lipscomb": "Lipscomb",
  "litchfield": "Litchfield",
  "little-river": "Little River",
  "live-oak": "Live Oak",
  "livingston": "Livingston",
  "llano": "Llano",
  "logan": "Logan",
  "loiza": "Loíza",
  "long": "Long",
  "lonoke": "Lonoke",
  "lorain": "Lorain",
  "los-alamos": "Los Alamos",
  "los-angeles": "Los Angeles",
  "loudon": "Loudon",
  "loudoun": "Loudoun",
  "louisa": "Louisa",
  "louisiana": "Louisiana",
  "loup": "Loup",
  "love": "Love",
  "loving": "Loving",
  "lowndes": "Lowndes",
  "lubbock": "Lubbock",
  "lucas": "Lucas",
  "luce": "Luce",
  "lumpkin": "Lumpkin",
  "luna": "Luna",
  "lunenburg": "Lunenburg",
  "luquillo": "Luquillo",
  "luzerne": "Luzerne",
  "lycoming": "Lycoming",
  "lyman": "Lyman",
  "lynchburg": "Lynchburg",
  "lynn": "Lynn",
  "lyon": "Lyon",
  "mackinac": "Mackinac",
  "macomb": "Macomb",
  "macon": "Macon",
  "macoupin": "Macoupin",
  "madera": "Madera",
  "madison": "Madison",
  "magoffin": "Magoffin",
  "mahaska": "Mahaska",
  "mahnomen": "Mahnomen",
  "mahoning": "Mahoning",
  "maine": "Maine",
  "major": "Major",
  "malheur": "Malheur",
  "manassas": "Manassas",
  "manassas-park": "Manassas Park",
  "manatee": "Manatee",
  "manati": "Manatí",
  "manistee": "Manistee",
  "manitoba": "Manitoba",
  "manitowoc": "Manitowoc",
  "marathon": "Marathon",
  "marengo": "Marengo",
  "maricao": "Maricao",
  "maricopa": "Maricopa",
  "maries": "Maries",
  "marin": "Marin",
  "marinette": "Marinette",
  "marion": "Marion",
  "mariposa": "Mariposa",
  "marlboro": "Marlboro",
  "marquette": "Marquette",
  "marshall": "Marshall",
  "martin": "Martin",
  "martinsville": "Martinsville",
  "maryland": "Maryland",
  "mason": "Mason",
  "massac": "Massac",
  "massachusetts": "Massachusetts",
  "matagorda": "Matagorda",
  "matanuska-susitna": "Matanuska-Susitna",
  "mathews": "Mathews",
  "maui": "Maui",
  "maunabo": "Maunabo",
  "maury": "Maury",
  "maverick": "Maverick",
  "mayaguez": "Mayagüez",
  "mayes": "Mayes",
  "mcclain": "McClain",
  "mccone": "McCone",
  "mccook": "McCook",
  "mccormick": "McCormick",
  "mccracken": "McCracken",
  "mccreary": "McCreary",
  "mcculloch": "McCulloch",
  "mccurtain": "McCurtain",
  "mcdonald": "McDonald",
  "mcdonough": "McDonough",
  "mcdowell": "McDowell",
  "mcduffie": "McDuffie",
  "mchenry": "McHenry",
  "mcintosh": "McIntosh",
  "mckean": "McKean",
  "mckenzie": "McKenzie",
  "mckinley": "McKinley",
  "mclean": "McLean",
  "mclennan": "McLennan",
  "mcleod": "McLeod",
  "mcminn": "McMinn",
  "mcmullen": "McMullen",
  "mcnairy": "McNairy",
  "mcpherson": "McPherson",
  "meade": "Meade",
  "meagher": "Meagher",
  "mecklenburg": "Mecklenburg",
  "mecosta": "Mecosta",
  "medina": "Medina",
  "meeker": "Meeker",
  "meigs": "Meigs",
  "mellette": "Mellette",
  "menard": "Menard",
  "mendocino": "Mendocino",
  "menifee": "Menifee",
  "menominee": "Menominee",
  "merced": "Merced",
  "mercer": "Mercer",
  "meriwether": "Meriwether",
  "merrick": "Merrick",
  "merrimack": "Merrimack",
  "mesa": "Mesa",
  "metcalfe": "Metcalfe",
  "mexico": "Mexico",
  "miami": "Miami",
  "miami-dade": "Miami-Dade",
  "michigan": "Michigan",
  "michoacan": "Michoacan",
  "middlesex": "Middlesex",
  "midland": "Midland",
  "mifflin": "Mifflin",
  "milam": "Milam",
  "millard": "Millard",
  "mille-lacs": "Mille Lacs",
  "miller": "Miller",
  "mills": "Mills",
  "milwaukee": "Milwaukee",
  "miner": "Miner",
  "mineral": "Mineral",
  "mingo": "Mingo",
  "minidoka": "Minidoka",
  "minnehaha": "Minnehaha",
  "minnesota": "Minnesota",
  "missaukee": "Missaukee",
  "mississippi": "Mississippi",
  "missoula": "Missoula",
  "missouri": "Missouri",
  "mitchell": "Mitchell",
  "mobile": "Mobile",
  "moca": "Moca",
  "modoc": "Modoc",
  "moffat": "Moffat",
  "mohave": "Mohave",
  "moniteau": "Moniteau",
  "monmouth": "Monmouth",
  "mono": "Mono",
  "monona": "Monona",
  "monongalia": "Monongalia",
  "monroe": "Monroe",
  "montague": "Montague",
  "montana": "Montana",
  "montcalm": "Montcalm",
  "monterey": "Monterey",
  "montezuma": "Montezuma",
  "montgomery": "Montgomery",
  "montmorency": "Montmorency",
  "montour": "Montour",
  "montrose": "Montrose",
  "moody": "Moody",
  "moore": "Moore",
  "mora": "Mora",
  "morehouse": "Morehouse",
  "morelos": "Morelos",
  "morgan": "Morgan",
  "morovis": "Morovis",
  "morrill": "Morrill",
  "morris": "Morris",
  "morrison": "Morrison",
  "morrow": "Morrow",
  "morton": "Morton",
  "motley": "Motley",
  "moultrie": "Moultrie",
  "mountrail": "Mountrail",
  "mower": "Mower",
  "muhlenberg": "Muhlenberg",
  "multnomah": "Multnomah",
  "murray": "Murray",
  "muscatine": "Muscatine",
  "muscogee": "Muscogee",
  "muskegon": "Muskegon",
  "muskingum": "Muskingum",
  "muskogee": "Muskogee",
  "musselshell": "Musselshell",
  "nacogdoches": "Nacogdoches",
  "naguabo": "Naguabo",
  "nance": "Nance",
  "nantucket": "Nantucket",
  "napa": "Napa",
  "naranjito": "Naranjito",
  "nash": "Nash",
  "nassau": "Nassau",
  "natchitoches": "Natchitoches",
  "natrona": "Natrona",
  "navajo": "Navajo",
  "navarro": "Navarro",
  "nayarit": "Nayarit",
  "nebraska": "Nebraska",
  "nelson": "Nelson",
  "nemaha": "Nemaha",
  "neosho": "Neosho",
  "neshoba": "Neshoba",
  "ness": "Ness",
  "nevada": "Nevada",
  "new-brunswick": "New Brunswick",
  "new-castle": "New Castle",
  "new-hampshire": "New Hampshire",
  "new-hanover": "New Hanover",
  "new-haven": "New Haven",
  "new-jersey": "New Jersey",
  "new-kent": "New Kent",
  "new-london": "New London",
  "new-madrid": "New Madrid",
  "new-mexico": "New Mexico",
  "new-york": "New York",
  "newaygo": "Newaygo",
  "newberry": "Newberry",
  "newfoundland-and-labrador": "Newfoundland and Labrador",
  "newport": "Newport",
  "newport-news": "Newport News",
  "newton": "Newton",
  "nez-perce": "Nez Perce",
  "niagara": "Niagara",
  "nicholas": "Nicholas",
  "nicollet": "Nicollet",
  "niobrara": "Niobrara",
  "noble": "Noble",
  "nobles": "Nobles",
  "nodaway": "Nodaway",
  "nolan": "Nolan",
  "nome": "Nome",
  "norfolk": "Norfolk",
  "norman": "Norman",
  "north-carolina": "North Carolina",
  "north-dakota": "North Dakota",
  "north-slope": "North Slope",
  "northampton": "Northampton",
  "northumberland": "Northumberland",
  "northwest-arctic": "Northwest Arctic",
  "northwest-territories": "Northwest Territories",
  "norton": "Norton",
  "nottoway": "Nottoway",
  "nova-scotia": "Nova Scotia",
  "nowata": "Nowata",
  "noxubee": "Noxubee",
  "nuckolls": "Nuckolls",
  "nueces": "Nueces",
  "nuevo-leon": "Nuevo Leon",
  "nunavut": "Nunavut",
  "nye": "Nye",
  "oakland": "Oakland",
  "oaxaca": "Oaxaca",
  "obion": "Obion",
  "obrien": "O'Brien",
  "ocean": "Ocean",
  "oceana": "Oceana",
  "ochiltree": "Ochiltree",
  "oconee": "Oconee",
  "oconto": "Oconto",
  "ogemaw": "Ogemaw",
  "ogle": "Ogle",
  "oglethorpe": "Oglethorpe",
  "ohio": "Ohio",
  "okaloosa": "Okaloosa",
  "okanogan": "Okanogan",
  "okeechobee": "Okeechobee",
  "okfuskee": "Okfuskee",
  "oklahoma": "Oklahoma",
  "okmulgee": "Okmulgee",
  "oktibbeha": "Oktibbeha",
  "oldham": "Oldham",
  "oliver": "Oliver",
  "olmsted": "Olmsted",
  "oneida": "Oneida",
  "onondaga": "Onondaga",
  "onslow": "Onslow",
  "ontario": "Ontario",
  "ontonagon": "Ontonagon",
  "orange": "Orange",
  "orangeburg": "Orangeburg",
  "oregon": "Oregon",
  "orleans": "Orleans",
  "orocovis": "Orocovis",
  "osage": "Osage",
  "osborne": "Osborne",
  "osceola": "Osceola",
  "oscoda": "Oscoda",
  "oswego": "Oswego",
  "otero": "Otero",
  "otoe": "Otoe",
  "otsego": "Otsego",
  "ottawa": "Ottawa",
  "otter-tail": "Otter Tail",
  "ouachita": "Ouachita",
  "ouray": "Ouray",
  "outagamie": "Outagamie",
  "outlying-area": "outlying area",
  "overton": "Overton",
  "owen": "Owen",
  "owsley": "Owsley",
  "owyhee": "Owyhee",
  "oxford": "Oxford",
  "ozark": "Ozark",
  "ozaukee": "Ozaukee",
  "pacific": "Pacific",
  "page": "Page",
  "palm-beach": "Palm Beach",
  "palo-alto": "Palo Alto",
  "palo-pinto": "Palo Pinto",
  "pamlico": "Pamlico",
  "panola": "Panola",
  "park": "Park",
  "parke": "Parke",
  "parker": "Parker",
  "parmer": "Parmer",
  "pasco": "Pasco",
  "pasquotank": "Pasquotank",
  "passaic": "Passaic",
  "patillas": "Patillas",
  "patrick": "Patrick",
  "paulding": "Paulding",
  "pawnee": "Pawnee",
  "payette": "Payette",
  "payne": "Payne",
  "peach": "Peach",
  "pearl-river": "Pearl River",
  "pecos": "Pecos",
  "pembina": "Pembina",
  "pemiscot": "Pemiscot",
  "pend-oreille": "Pend Oreille",
  "pender": "Pender",
  "pendleton": "Pendleton",
  "pennington": "Pennington",
  "pennsylvania": "Pennsylvania",
  "penobscot": "Penobscot",
  "penuelas": "Peñuelas",
  "peoria": "Peoria",
  "pepin": "Pepin",
  "perkins": "Perkins",
  "perquimans": "Perquimans",
  "perry": "Perry",
  "pershing": "Pershing",
  "person": "Person",
  "petersburg": "Petersburg",
  "petroleum": "Petroleum",
  "pettis": "Pettis",
  "phelps": "Phelps",
  "philadelphia": "Philadelphia",
  "phillips": "Phillips",
  "piatt": "Piatt",
  "pickaway": "Pickaway",
  "pickens": "Pickens",
  "pickett": "Pickett",
  "pierce": "Pierce",
  "pike": "Pike",
  "pima": "Pima",
  "pinal": "Pinal",
  "pine": "Pine",
  "pinellas": "Pinellas",
  "pipestone": "Pipestone",
  "piscataquis": "Piscataquis",
  "pitkin": "Pitkin",
  "pitt": "Pitt",
  "pittsburg": "Pittsburg",
  "pittsylvania": "Pittsylvania",
  "piute": "Piute",
  "placer": "Placer",
  "plaquemines": "Plaquemines",
  "platte": "Platte",
  "pleasants": "Pleasants",
  "plumas": "Plumas",
  "plymouth": "Plymouth",
  "pocahontas": "Pocahontas",
  "poinsett": "Poinsett",
  "pointe-coupee": "Pointe Coupee",
  "polk": "Polk",
  "ponce": "Ponce",
  "pondera": "Pondera",
  "pontotoc": "Pontotoc",
  "pope": "Pope",
  "poquoson": "Poquoson",
  "portage": "Portage",
  "porter": "Porter",
  "portsmouth": "Portsmouth",
  "posey": "Posey",
  "pottawatomie": "Pottawatomie",
  "pottawattamie": "Pottawattamie",
  "potter": "Potter",
  "powder-river": "Powder River",
  "powell": "Powell",
  "power": "Power",
  "poweshiek": "Poweshiek",
  "powhatan": "Powhatan",
  "prairie": "Prairie",
  "pratt": "Pratt",
  "preble": "Preble",
  "prentiss": "Prentiss",
  "presidio": "Presidio",
  "presque-isle": "Presque Isle",
  "preston": "Preston",
  "price": "Price",
  "prince-edward": "Prince Edward",
  "prince-edward-island": "Prince Edward Island",
  "prince-george": "Prince George",
  "prince-georges": "Prince George's",
  "prince-of-wales-hyder": "Prince of Wales-Hyder",
  "prince-william": "Prince William",
  "providence": "Providence",
  "province": "province",
  "prowers": "Prowers",
  "puebla": "Puebla",
  "pueblo": "Pueblo",
  "puerto-rico": "Puerto Rico",
  "pulaski": "Pulaski",
  "pushmataha": "Pushmataha",
  "putnam": "Putnam",
  "quay": "Quay",
  "quebec": "Quebec",
  "quebradillas": "Quebradillas",
  "queen-annes": "Queen Anne's",
  "queens": "Queens",
  "queretaro": "Queretaro",
  "quintana-roo": "Quintana Roo",
  "quitman": "Quitman",
  "rabun": "Rabun",
  "racine": "Racine",
  "radford": "Radford",
  "rains": "Rains",
  "raleigh": "Raleigh",
  "ralls": "Ralls",
  "ramsey": "Ramsey",
  "randall": "Randall",
  "randolph": "Randolph",
  "rankin": "Rankin",
  "ransom": "Ransom",
  "rapides": "Rapides",
  "rappahannock": "Rappahannock",
  "ravalli": "Ravalli",
  "rawlins": "Rawlins",
  "ray": "Ray",
  "reagan": "Reagan",
  "real": "Real",
  "red-lake": "Red Lake",
  "red-river": "Red River",
  "red-willow": "Red Willow",
  "redwood": "Redwood",
  "reeves": "Reeves",
  "refugio": "Refugio",
  "reno": "Reno",
  "rensselaer": "Rensselaer",
  "renville": "Renville",
  "republic": "Republic",
  "reynolds": "Reynolds",
  "rhea": "Rhea",
  "rhode-island": "Rhode Island",
  "rice": "Rice",
  "rich": "Rich",
  "richardson": "Richardson",
  "richland": "Richland",
  "richmond": "Richmond",
  "riley": "Riley",
  "rincon": "Rincón",
  "ringgold": "Ringgold",
  "rio-arriba": "Rio Arriba",
  "rio-blanco": "Rio Blanco",
  "rio-grande": "Rio Grande",
  "ripley": "Ripley",
  "ritchie": "Ritchie",
  "riverside": "Riverside",
  "roane": "Roane",
  "roanoke": "Roanoke",
  "roberts": "Roberts",
  "robertson": "Robertson",
  "robeson": "Robeson",
  "rock": "Rock",
  "rock-island": "Rock Island",
  "rockbridge": "Rockbridge",
  "rockcastle": "Rockcastle",
  "rockdale": "Rockdale",
  "rockingham": "Rockingham",
  "rockland": "Rockland",
  "rockwall": "Rockwall",
  "roger-mills": "Roger Mills",
  "rogers": "Rogers",
  "rolette": "Rolette",
  "rooks": "Rooks",
  "roosevelt": "Roosevelt",
  "roscommon": "Roscommon",
  "roseau": "Roseau",
  "rosebud": "Rosebud",
  "ross": "Ross",
  "routt": "Routt",
  "rowan": "Rowan",
  "runnels": "Runnels",
  "rush": "Rush",
  "rusk": "Rusk",
  "russell": "Russell",
  "rutherford": "Rutherford",
  "rutland": "Rutland",
  "sabana-grande": "Sabana Grande",
  "sabine": "Sabine",
  "sac": "Sac",
  "sacramento": "Sacramento",
  "sagadahoc": "Sagadahoc",
  "saginaw": "Saginaw",
  "saguache": "Saguache",
  "salem": "Salem",
  "salinas": "Salinas",
  "saline": "Saline",
  "salt-lake": "Salt Lake",
  "saluda": "Saluda",
  "sampson": "Sampson",
  "san-augustine": "San Augustine",
  "san-benito": "San Benito",
  "san-bernardino": "San Bernardino",
  "san-diego": "San Diego",
  "san-francisco": "San Francisco",
  "san-german": "San Germán",
  "san-jacinto": "San Jacinto",
  "san-joaquin": "San Joaquin",
  "san-juan": "San Juan",
  "san-lorenzo": "San Lorenzo",
  "san-luis-obispo": "San Luis Obispo",
  "san-luis-potosi": "San Luis Potosi",
  "san-mateo": "San Mateo",
  "san-miguel": "San Miguel",
  "san-patricio": "San Patricio",
  "san-saba": "San Saba",
  "san-sebastian": "San Sebastián",
  "sanborn": "Sanborn",
  "sanders": "Sanders",
  "sandoval": "Sandoval",
  "sandusky": "Sandusky",
  "sangamon": "Sangamon",
  "sanilac": "Sanilac",
  "sanpete": "Sanpete",
  "santa-barbara": "Santa Barbara",
  "santa-clara": "Santa Clara",
  "santa-cruz": "Santa Cruz",
  "santa-fe": "Santa Fe",
  "santa-isabel": "Santa Isabel",
  "santa-rosa": "Santa Rosa",
  "sarasota": "Sarasota",
  "saratoga": "Saratoga",
  "sargent": "Sargent",
  "sarpy": "Sarpy",
  "saskatchewan": "Saskatchewan",
  "sauk": "Sauk",
  "saunders": "Saunders",
  "sawyer": "Sawyer",
  "schenectady": "Schenectady",
  "schleicher": "Schleicher",
  "schley": "Schley",
  "schoharie": "Schoharie",
  "schoolcraft": "Schoolcraft",
  "schuyler": "Schuyler",
  "schuylkill": "Schuylkill",
  "scioto": "Scioto",
  "scotland": "Scotland",
  "scott": "Scott",
  "scotts-bluff": "Scotts Bluff",
  "screven": "Screven",
  "scurry": "Scurry",
  "searcy": "Searcy",
  "sebastian": "Sebastian",
  "sedgwick": "Sedgwick",
  "seminole": "Seminole",
  "seneca": "Seneca",
  "sequatchie": "Sequatchie",
  "sequoyah": "Sequoyah",
  "sevier": "Sevier",
  "seward": "Seward",
  "shackelford": "Shackelford",
  "shannon": "Shannon",
  "sharkey": "Sharkey",
  "sharp": "Sharp",
  "shasta": "Shasta",
  "shawano": "Shawano",
  "shawnee": "Shawnee",
  "sheboygan": "Sheboygan",
  "shelby": "Shelby",
  "shenandoah": "Shenandoah",
  "sherburne": "Sherburne",
  "sheridan": "Sheridan",
  "sherman": "Sherman",
  "shiawassee": "Shiawassee",
  "shoshone": "Shoshone",
  "sibley": "Sibley",
  "sierra": "Sierra",
  "silver-bow": "Silver Bow",
  "simpson": "Simpson",
  "sinaloa": "Sinaloa",
  "sioux": "Sioux",
  "siskiyou": "Siskiyou",
  "sitka": "Sitka",
  "skagit": "Skagit",
  "skagway": "Skagway",
  "skamania": "Skamania",
  "slope": "Slope",
  "smith": "Smith",
  "smyth": "Smyth",
  "snohomish": "Snohomish",
  "snyder": "Snyder",
  "socorro": "Socorro",
  "solano": "Solano",
  "somerset": "Somerset",
  "somervell": "Somervell",
  "sonoma": "Sonoma",
  "sonora": "Sonora",
  "south-carolina": "South Carolina",
  "south-dakota": "South Dakota",
  "southampton": "Southampton",
  "southeast-fairbanks": "Southeast Fairbanks",
  "spalding": "Spalding",
  "spartanburg": "Spartanburg",
  "spencer": "Spencer",
  "spink": "Spink",
  "spokane": "Spokane",
  "spotsylvania": "Spotsylvania",
  "st-bernard": "St. Bernard",
  "st-charles": "St. Charles",
  "st-clair": "St. Clair",
  "st-croix": "St. Croix",
  "st-francis": "St. Francis",
  "st-francois": "St. Francois",
  "st-helena": "St. Helena",
  "st-james": "St. James",
  "st-john-the-baptist": "St. John the Baptist",
  "st-johns": "St. Johns",
  "st-joseph": "St. Joseph",
  "st-landry": "St. Landry",
  "st-lawrence": "St. Lawrence",
  "st-louis": "St. Louis",
  "st-lucie": "St. Lucie",
  "st-martin": "St. Martin",
  "st-mary": "St. Mary",
  "st-marys": "St. Mary's",
  "st-tammany": "St. Tammany",
  "stafford": "Stafford",
  "stanislaus": "Stanislaus",
  "stanley": "Stanley",
  "stanly": "Stanly",
  "stanton": "Stanton",
  "stark": "Stark",
  "starke": "Starke",
  "starr": "Starr",
  "state": "state",
  "staunton": "Staunton",
  "ste-genevieve": "Ste. Genevieve",
  "stearns": "Stearns",
  "steele": "Steele",
  "stephens": "Stephens",
  "stephenson": "Stephenson",
  "sterling": "Sterling",
  "steuben": "Steuben",
  "stevens": "Stevens",
  "stewart": "Stewart",
  "stillwater": "Stillwater",
  "stoddard": "Stoddard",
  "stokes": "Stokes",
  "stone": "Stone",
  "stonewall": "Stonewall",
  "storey": "Storey",
  "story": "Story",
  "strafford": "Strafford",
  "stutsman": "Stutsman",
  "sublette": "Sublette",
  "suffolk": "Suffolk",
  "sullivan": "Sullivan",
  "sully": "Sully",
  "summers": "Summers",
  "summit": "Summit",
  "sumner": "Sumner",
  "sumter": "Sumter",
  "sunflower": "Sunflower",
  "surry": "Surry",
  "susquehanna": "Susquehanna",
  "sussex": "Sussex",
  "sutter": "Sutter",
  "sutton": "Sutton",
  "suwannee": "Suwannee",
  "swain": "Swain",
  "sweet-grass": "Sweet Grass",
  "sweetwater": "Sweetwater",
  "swift": "Swift",
  "swisher": "Swisher",
  "switzerland": "Switzerland",
  "tabasco": "Tabasco",
  "talbot": "Talbot",
  "taliaferro": "Taliaferro",
  "talladega": "Talladega",
  "tallahatchie": "Tallahatchie",
  "tallapoosa": "Tallapoosa",
  "tama": "Tama",
  "tamaulipas": "Tamaulipas",
  "taney": "Taney",
  "tangipahoa": "Tangipahoa",
  "taos": "Taos",
  "tarrant": "Tarrant",
  "tate": "Tate",
  "tattnall": "Tattnall",
  "taylor": "Taylor",
  "tazewell": "Tazewell",
  "tehama": "Tehama",
  "telfair": "Telfair",
  "teller": "Teller",
  "tennessee": "Tennessee",
  "tensas": "Tensas",
  "terrebonne": "Terrebonne",
  "terrell": "Terrell",
  "territory": "territory",
  "terry": "Terry",
  "teton": "Teton",
  "texas": "Texas",
  "thayer": "Thayer",
  "thomas": "Thomas",
  "throckmorton": "Throckmorton",
  "thurston": "Thurston",
  "tift": "Tift",
  "tillamook": "Tillamook",
  "tillman": "Tillman",
  "tioga": "Tioga",
  "tippah": "Tippah",
  "tippecanoe": "Tippecanoe",
  "tipton": "Tipton",
  "tishomingo": "Tishomingo",
  "titus": "Titus",
  "tlaxcala": "Tlaxcala",
  "toa-alta": "Toa Alta",
  "toa-baja": "Toa Baja",
  "todd": "Todd",
  "tolland": "Tolland",
  "tom-green": "Tom Green",
  "tompkins": "Tompkins",
  "tooele": "Tooele",
  "toole": "Toole",
  "toombs": "Toombs",
  "torrance": "Torrance",
  "towner": "Towner",
  "towns": "Towns",
  "traill": "Traill",
  "transylvania": "Transylvania",
  "traverse": "Traverse",
  "travis": "Travis",
  "treasure": "Treasure",
  "trego": "Trego",
  "trempealeau": "Trempealeau",
  "treutlen": "Treutlen",
  "trigg": "Trigg",
  "trimble": "Trimble",
  "trinity": "Trinity",
  "tripp": "Tripp",
  "troup": "Troup",
  "trousdale": "Trousdale",
  "trujillo-alto": "Trujillo Alto",
  "trumbull": "Trumbull",
  "tucker": "Tucker",
  "tulare": "Tulare",
  "tulsa": "Tulsa",
  "tunica": "Tunica",
  "tuolumne": "Tuolumne",
  "turner": "Turner",
  "tuscaloosa": "Tuscaloosa",
  "tuscarawas": "Tuscarawas",
  "tuscola": "Tuscola",
  "twiggs": "Twiggs",
  "twin-falls": "Twin Falls",
  "tyler": "Tyler",
  "tyrrell": "Tyrrell",
  "uinta": "Uinta",
  "uintah": "Uintah",
  "ulster": "Ulster",
  "umatilla": "Umatilla",
  "unicoi": "Unicoi",
  "union": "Union",
  "upshur": "Upshur",
  "upson": "Upson",
  "upton": "Upton",
  "utah": "Utah",
  "utuado": "Utuado",
  "uvalde": "Uvalde",
  "val-verde": "Val Verde",
  "valdez-cordova": "Valdez-Cordova",
  "valencia": "Valencia",
  "valley": "Valley",
  "van-buren": "Van Buren",
  "van-wert": "Van Wert",
  "van-zandt": "Van Zandt",
  "vance": "Vance",
  "vanderburgh": "Vanderburgh",
  "vega-alta": "Vega Alta",
  "vega-baja": "Vega Baja",
  "venango": "Venango",
  "ventura": "Ventura",
  "veracruz": "Veracruz",
  "vermilion": "Vermilion",
  "vermillion": "Vermillion",
  "vermont": "Vermont",
  "vernon": "Vernon",
  "victoria": "Victoria",
  "vieques": "Vieques",
  "vigo": "Vigo",
  "vilas": "Vilas",
  "villalba": "Villalba",
  "vinton": "Vinton",
  "virginia": "Virginia",
  "virginia-beach": "Virginia Beach",
  "volusia": "Volusia",
  "wabash": "Wabash",
  "wabasha": "Wabasha",
  "wabaunsee": "Wabaunsee",
  "wade-hampton": "Wade Hampton",
  "wadena": "Wadena",
  "wagoner": "Wagoner",
  "wahkiakum": "Wahkiakum",
  "wake": "Wake",
  "wakulla": "Wakulla",
  "waldo": "Waldo",
  "walker": "Walker",
  "walla-walla": "Walla Walla",
  "wallace": "Wallace",
  "waller": "Waller",
  "wallowa": "Wallowa",
  "walsh": "Walsh",
  "walthall": "Walthall",
  "walton": "Walton",
  "walworth": "Walworth",
  "wapello": "Wapello",
  "ward": "Ward",
  "ware": "Ware",
  "warren": "Warren",
  "warrick": "Warrick",
  "wasatch": "Wasatch",
  "wasco": "Wasco",
  "waseca": "Waseca",
  "washakie": "Washakie",
  "washburn": "Washburn",
  "washington": "Washington",
  "washita": "Washita",
  "washoe": "Washoe",
  "washtenaw": "Washtenaw",
  "watauga": "Watauga",
  "watonwan": "Watonwan",
  "waukesha": "Waukesha",
  "waupaca": "Waupaca",
  "waushara": "Waushara",
  "wayne": "Wayne",
  "waynesboro": "Waynesboro",
  "weakley": "Weakley",
  "webb": "Webb",
  "weber": "Weber",
  "webster": "Webster",
  "weld": "Weld",
  "wells": "Wells",
  "west-baton-rouge": "West Baton Rouge",
  "west-carroll": "West Carroll",
  "west-feliciana": "West Feliciana",
  "west-virginia": "West Virginia",
  "westchester": "Westchester",
  "westmoreland": "Westmoreland",
  "weston": "Weston",
  "wetzel": "Wetzel",
  "wexford": "Wexford",
  "wharton": "Wharton",
  "whatcom": "Whatcom",
  "wheatland": "Wheatland",
  "wheeler": "Wheeler",
  "white": "White",
  "white-pine": "White Pine",
  "whiteside": "Whiteside",
  "whitfield": "Whitfield",
  "whitley": "Whitley",
  "whitman": "Whitman",
  "wibaux": "Wibaux",
  "wichita": "Wichita",
  "wicomico": "Wicomico",
  "wilbarger": "Wilbarger",
  "wilcox": "Wilcox",
  "wilkes": "Wilkes",
  "wilkin": "Wilkin",
  "wilkinson": "Wilkinson",
  "will": "Will",
  "willacy": "Willacy",
  "williams": "Williams",
  "williamsburg": "Williamsburg",
  "williamson": "Williamson",
  "wilson": "Wilson",
  "winchester": "Winchester",
  "windham": "Windham",
  "windsor": "Windsor",
  "winkler": "Winkler",
  "winn": "Winn",
  "winnebago": "Winnebago",
  "winneshiek": "Winneshiek",
  "winona": "Winona",
  "winston": "Winston",
  "wirt": "Wirt",
  "wisconsin": "Wisconsin",
  "wise": "Wise",
  "wolfe": "Wolfe",
  "wood": "Wood",
  "woodbury": "Woodbury",
  "woodford": "Woodford",
  "woodruff": "Woodruff",
  "woods": "Woods",
  "woodson": "Woodson",
  "woodward": "Woodward",
  "worcester": "Worcester",
  "worth": "Worth",
  "wrangell": "Wrangell",
  "wright": "Wright",
  "wyandot": "Wyandot",
  "wyandotte": "Wyandotte",
  "wyoming": "Wyoming",
  "wythe": "Wythe",
  "yabucoa": "Yabucoa",
  "yadkin": "Yadkin",
  "yakima": "Yakima",
  "yakutat": "Yakutat",
  "yalobusha": "Yalobusha",
  "yamhill": "Yamhill",
  "yancey": "Yancey",
  "yankton": "Yankton",
  "yates": "Yates",
  "yauco": "Yauco",
  "yavapai": "Yavapai",
  "yazoo": "Yazoo",
  "yell": "Yell",
  "yellow-medicine": "Yellow Medicine",
  "yellowstone": "Yellowstone",
  "yoakum": "Yoakum",
  "yolo": "Yolo",
  "york": "York",
  "young": "Young",
  "yuba": "Yuba",
  "yucatan": "Yucatan",
  "yukon": "Yukon",
  "yukon-koyukuk": "Yukon-Koyukuk",
  "yuma": "Yuma",
  "zacatecas": "Zacatecas",
  "zapata": "Zapata",
  "zavala": "Zavala",
  "ziebach": "Ziebach"
}